{"Composicao do endividamento":58.355506896972656,"Liquidez Corrente":1.1689634323120117,"Rentabilidade do Ativo":-1.1739208698272705,"Rentabilidade":-0.09906948357820511,"Liquidez Geral":0.8361651301383972,"Liquidez Seca":1.1689634323120117,"Giro do Ativo":1.6065491437911987,"Margem Liquida":-0.7307096123695374,"Endividamento":7.4391961097717285,"Capital Circular Liquido":4.8573312E8,"Imobilizacao":87.36946105957031,"Liquidez Imediata":0.21478673815727234}